title,price
Exclusive Tangail Tat Multicolor Half Screen Print Saree for Women - Suitable for All Occasions and Seasons - Traditional Craftsmanship with Contemporary Style,430
All New Collection Exclusive Premium Tangail Multicolor (All Color) Half Silk Chumki Saree For Women,248
Exclusive Black Color Tangail Half Silk Chumki Saree for Women - Perfect Casual Wear for All Seasons and Occasions,284
Women's Floral Print Palazzo,150
Independence Day/26 March Special Green and Red/ Laal- Shabuj Tangail Tant  Half Silk Saree for Women,399
New Exclushive Collection High Qualitiey Cotton Printed Three Piece for women easy to use 100% cotton,549
"Ladies Palazzo Korean Fabric, Soft and comfortable Wide-leg spring and casual Plazu , China Palazzo for Woman",200
Saree Combo Set For Women and Girls -Gift for Girl Friend and Wife,990
Exclusive Blue Color Tangail Half Silk Chumki Saree for Women - Perfect Casual Wear for All Seasons and Occasions,299
Exclusive Premium Tangail Soft Silk Katan Saree For Women,799
Fashionable Tangail Tat Half Screen Print Saree for Women - Comfortable and Suitable for All Seasons and Occassions,450
Indian New Stylish Exclushive Collection Weatless Goergett Four Piece for Girls and Women,"1,250"
Saree gift combo pack,"1,199"
New exclusive design EID collection three piece for women.,749
shari combo,"1,199"
Red Color Jamdani Saree For Women Without Blouse Pieces,570
Trendy And Fashionable Afsan Print Saree for Women,419
Noyon Tara Plus Par Khesh Saree for Women - Comfortable and Suitable for All Seasons and Occasions,480
Indian Vichitra Silk Saree Purple Color High Quality Embroidery Work On Blouse,"2,599"
Cotton Viscose Loose Fit Flared Wide Palazzo Plazo Pants for Women,220
Classic Red Beauty: Rion Cotton  Three Piece computer Ambotare Dress in Red Color,799
Maroon Color Tangail Half Silk Nokshi Paire Saree without Blouse Piece For Women- Tangail Sharee,499
Premium Quality viscos fabrics semi stitch digital printed arri design three pieces for women 3 pieces for female salwar kamiz orna long dupatta,999
Blue Color Tangail Half Silk Nokshi Paire Saree with Blouse Piece For Women- Tangail Sharee,530
Black Color Katan Saree For Women Without Blouse Pieces,699
Trendy And Fashionable Black Color Tangail Half Silk Chumki Saree For Women,247
Tangail Tat Multicolor Falgun Special Cotton Batik Saree with Blouse Piece for Women,875
New Exclusive Readymade Dress Three Piece For Women,587
Original kalamkar Patel Unstitched Cotton Three Pieces  For women girls- Eid Collection,749
Pure Cotton Unstitched Screen Print Exclusive  Fashionable Three Pieces For Woman Stylish - Perfect for All Season,549
Eid collection Hand design 2 piece on Bexi Voile. Hight quality and comfortable for wearing and especial for summer.,"2,750"
Eid collection Hand design traditional three piece.,"1,750"
Soft silk katan  Saree For Women Without Blouse Pieces,699
Exclusive Kathali Lohigga Saree Without Blouse Piece for Women - Perfect Casual Wear for All Seasons and Occasions,500
New Exclusive Ready Made Skin Print Round Frog With Embroidery Work Three Piece Dress for Women,599
Soft silk katan  Saree For Women Without Blouse Pieces,699
Hand design traditional three piece.,"1,750"
Moslin Half Silk Sharee for women,"1,550"
Stylish Ball Par Chumki Saree for Women - Comfortable and Suitable for All Seasons and Occassions,450
Fashionable Trendy Half Silk Chumki Saree for Women,299
